,player_name,team,birthday,position
0,Daniel Adu-Adjei,AFC Bournemouth,21/06/2005,FW
1,Jaidon Anthony,AFC Bournemouth,01/12/1999,FW
2,Philip Billing,AFC Bournemouth,11/06/1996,MF
3,David Brooks,AFC Bournemouth,08/07/1997,FW
4,Ryan Christie,AFC Bournemouth,22/02/1995,MF
5,Lewis Cook,AFC Bournemouth,03/02/1997,MF
6,Siriki Dembélé,AFC Bournemouth,07/09/1996,FW
7,Will Dennis,AFC Bournemouth,10/07/2000,GK
8,Chris Francis,AFC Bournemouth,15/11/2002,DF
9,Ryan Fredericks,AFC Bournemouth,10/10/1992,DF
10,Ben Greenwood,AFC Bournemouth,20/02/2003,DF
11,James Hill,AFC Bournemouth,10/01/2002,DF
12,Lloyd Kelly,AFC Bournemouth,06/10/1998,DF
13,Jefferson Lerma,AFC Bournemouth,25/10/1994,MF
14,Jamal Lowe,AFC Bournemouth,21/07/1994,FW
15,Emiliano Marcondes,AFC Bournemouth,09/03/1995,MF
16,Chris Mepham,AFC Bournemouth,05/11/1997,DF
17,Kieffer Moore,AFC Bournemouth,08/08/1992,FW
18,Neto,AFC Bournemouth,19/07/1989,GK
19,Ferdinand Okoh,AFC Bournemouth,03/06/2004,MF
20,Ben Pearson,AFC Bournemouth,04/01/1995,MF
21,Cameron Plain,AFC Bournemouth,28/11/2002,GK
22,Joe Rothwell,AFC Bournemouth,11/01/1995,MF
23,Dominic Sadi,AFC Bournemouth,02/09/2003,MF
24,Marcos Senesi,AFC Bournemouth,10/05/1997,DF
25,Adam Smith,AFC Bournemouth,29/04/1991,DF
26,Dominic Solanke,AFC Bournemouth,14/09/1997,FW
27,Jack Stacey,AFC Bournemouth,06/04/1996,DF
28,Junior Stanislas,AFC Bournemouth,26/11/1989,MF
29,Jack Stephens,AFC Bournemouth,27/01/1994,DF
30,Marcus Tavernier,AFC Bournemouth,22/03/1999,MF
31,Mark Travers,AFC Bournemouth,18/05/1999,GK
32,Jack Wadham,AFC Bournemouth,25/02/2003,MF
33,Jordan Zemura,AFC Bournemouth,14/11/1999,DF
34,Nathan Butler-Oyedeji,Arsenal FC,04/01/2003,MF
35,Cédric,Arsenal FC,31/08/1991,DF
36,Cătălin Cîrjan,Arsenal FC,01/12/2002,MF
37,Amario Cozier-Duberry,Arsenal FC,29/05/2005,MF
38,Khayon Edwards,Arsenal FC,12/09/2003,FW
39,Mohamed Elneny,Arsenal FC,11/07/1992,MF
40,Fábio Vieira,Arsenal FC,30/05/2000,MF
41,Gabriel,Arsenal FC,19/12/1997,DF
42,Gabriel Jesus,Arsenal FC,03/04/1997,FW
43,Gabriel Martinelli,Arsenal FC,18/06/2001,FW
44,Karl Hein,Arsenal FC,13/04/2002,GK
45,James Hillson,Arsenal FC,14/01/2001,GK
46,Rob Holding,Arsenal FC,20/09/1995,DF
47,Bradley Ibrahim,Arsenal FC,21/10/2004,MF
48,Albert Lokonga,Arsenal FC,22/10/1999,MF
49,Marquinhos,Arsenal FC,07/04/2003,FW
50,Reiss Nelson,Arsenal FC,10/12/1999,FW
51,Eddie Nketiah,Arsenal FC,30/05/1999,FW
52,Ethan Nwaneri,Arsenal FC,21/03/2007,MF
53,Martin Ødegaard,Arsenal FC,17/12/1998,MF
54,Thomas Partey,Arsenal FC,13/06/1993,MF
55,Aaron Ramsdale,Arsenal FC,14/05/1998,GK
56,Bukayo Saka,Arsenal FC,05/09/2001,MF
57,William Saliba,Arsenal FC,24/03/2001,DF
58,Matt Smith,Arsenal FC,05/10/2000,MF
59,Emile Smith Rowe,Arsenal FC,28/07/2000,MF
60,Lino Sousa,Arsenal FC,19/01/2005,DF
61,Kieran Tierney,Arsenal FC,05/06/1997,DF
62,Takehiro Tomiyasu,Arsenal FC,05/11/1998,DF
63,Matt Turner,Arsenal FC,24/06/1994,GK
64,Ben White,Arsenal FC,08/10/1997,DF
65,Granit Xhaka,Arsenal FC,27/09/1992,MF
66,Oleksandr Zinchenko,Arsenal FC,15/12/1996,DF
67,Cameron Archer,Aston Villa,09/12/2001,FW
68,Ludwig Augustinsson,Aston Villa,21/04/1994,DF
69,Leon Bailey,Aston Villa,09/08/1997,MF
70,Jan Bednarek,Aston Villa,12/04/1996,DF
71,Lamare Bogarde,Aston Villa,05/01/2004,DF
72,Emiliano Buendia,Aston Villa,25/12/1996,MF
73,Matty Cash,Aston Villa,07/08/1997,DF
74,Calum Chambers,Aston Villa,20/01/1995,DF
75,Coutinho,Aston Villa,12/06/1992,MF
76,Leander Dendoncker,Aston Villa,15/04/1995,MF
77,Diego Carlos,Aston Villa,15/03/1993,DF
78,Lucas Digne,Aston Villa,20/07/1993,DF
79,Douglas Luiz,Aston Villa,09/05/1998,MF
80,Josh Feeney,Aston Villa,06/05/2005,DF
81,Frédéric Guilbert,Aston Villa,24/12/1994,DF
82,Danny Ings,Aston Villa,23/07/1992,FW
83,Boubacar Kamara,Aston Villa,23/11/1999,MF
84,Ezri Konsa,Aston Villa,23/10/1997,DF
85,Filip Marschall,Aston Villa,24/04/2003,GK
86,Emiliano Martínez,Aston Villa,02/09/1992,GK
87,John McGinn,Aston Villa,18/10/1994,MF
88,Tyrone Mings,Aston Villa,13/03/1993,DF
89,Marvelous Nakamba,Aston Villa,19/01/1994,MF
90,Robin Olsen,Aston Villa,08/01/1990,GK
91,Jacob Ramsey,Aston Villa,28/05/2001,MF
92,Morgan Sanson,Aston Villa,18/08/1994,MF
93,Jed Steer,Aston Villa,23/09/1992,GK
94,Ollie Watkins,Aston Villa,30/12/1995,FW
95,Ashley Young,Aston Villa,09/07/1985,DF
96,Kadan Young,Aston Villa,19/01/2006,MF
97,Kristoffer Ajer,Brentford FC,17/04/1998,DF
98,Shandon Baptiste,Brentford FC,08/04/1998,MF
99,Mads Bech Sørensen,Brentford FC,07/01/1999,DF
100,Matthew Cox,Brentford FC,02/05/2003,GK
101,Tristan Crama,Brentford FC,08/11/2001,MF
102,Mikkel Damsgaard,Brentford FC,03/07/2000,MF
103,Joshua Dasilva,Brentford FC,23/10/1998,MF
104,David Raya,Brentford FC,15/09/1995,GK
105,Saman Ghoddos,Brentford FC,06/09/1993,FW
106,Alex Gilbert,Brentford FC,28/12/2001,FW
107,Charlie Goode,Brentford FC,03/08/1995,DF
108,Rico Henry,Brentford FC,08/07/1997,DF
109,Aaron Hickey,Brentford FC,10/06/2002,DF
110,Vitaly Janelt,Brentford FC,10/05/1998,MF
111,Pontus Jansson,Brentford FC,13/02/1991,DF
112,Mathias Jensen,Brentford FC,01/01/1996,MF
113,Keane Lewis-Potter,Brentford FC,22/02/2001,FW
114,Bryan Mbeumo,Brentford FC,07/08/1999,FW
115,Ben Mee,Brentford FC,21/09/1989,DF
116,Christian Nørgaard,Brentford FC,10/03/1994,MF
117,Frank Onyeka,Brentford FC,01/01/1998,MF
118,Ethan Pinnock,Brentford FC,29/05/1993,DF
119,Mads Roerslev,Brentford FC,24/06/1999,DF
120,Sergi Canós,Brentford FC,02/02/1997,FW
121,Finley Stevens,Brentford FC,10/04/2003,DF
122,Thomas Strakosha,Brentford FC,19/03/1995,GK
123,Ivan Toney,Brentford FC,16/03/1996,FW
124,Ryan Trevitt,Brentford FC,12/03/2003,MF
125,Yoane Wissa,Brentford FC,03/09/1996,FW
126,Yegor Yarmolyuk,Brentford FC,01/03/2004,MF
127,Zanka,Brentford FC,23/04/1990,DF
128,Facundo Buonanotte,Brighton & Hove Albion,23/12/2004,MF
129,Moisés Caicedo,Brighton & Hove Albion,02/11/2001,MF
130,Levi Colwill,Brighton & Hove Albion,26/02/2003,DF
131,Lewis Dunk,Brighton & Hove Albion,21/11/1991,DF
132,Julio Enciso,Brighton & Hove Albion,23/01/2004,FW
133,Pervis Estupiñán,Brighton & Hove Albion,21/01/1998,DF
134,Evan Ferguson,Brighton & Hove Albion,19/10/2004,FW
135,James Furlong,Brighton & Hove Albion,07/06/2002,DF
136,Billy Gilmour,Brighton & Hove Albion,11/06/2001,MF
137,Pascal Groß,Brighton & Hove Albion,15/06/1991,MF
138,Jack Hinchy,Brighton & Hove Albion,30/01/2003,MF
139,Jack Hinshelwood,Brighton & Hove Albion,11/04/2005,MF
140,Adam Lallana,Brighton & Hove Albion,10/05/1988,MF
141,Tariq Lamptey,Brighton & Hove Albion,30/09/2000,DF
142,Alexis Mac Allister,Brighton & Hove Albion,24/12/1998,MF
143,Solly March,Brighton & Hove Albion,20/07/1994,MF
144,Thomas McGill,Brighton & Hove Albion,25/03/2000,GK
145,Kaoru Mitoma,Brighton & Hove Albion,20/05/1997,MF
146,Jakub Moder,Brighton & Hove Albion,07/04/1999,MF
147,Andrew Moran,Brighton & Hove Albion,15/10/2003,MF
148,Odeluga Offiah,Brighton & Hove Albion,26/10/2002,DF
149,Cameron Peupion,Brighton & Hove Albion,23/09/2002,MF
150,Robert Sánchez,Brighton & Hove Albion,18/11/1997,GK
151,Jeremy Sarmiento,Brighton & Hove Albion,16/06/2002,MF
152,Jack Spong,Brighton & Hove Albion,04/02/2002,MF
153,Jason Steele,Brighton & Hove Albion,18/08/1990,GK
154,Leandro Trossard,Brighton & Hove Albion,04/12/1994,MF
155,Antef Tsoungui,Brighton & Hove Albion,30/12/2002,DF
156,Ed Turns,Brighton & Hove Albion,18/10/2002,DF
157,Deniz Undav,Brighton & Hove Albion,19/07/1996,FW
158,Jan Paul van Hecke,Brighton & Hove Albion,08/06/2000,DF
159,Joël Veltman,Brighton & Hove Albion,15/01/1992,DF
160,Adam Webster,Brighton & Hove Albion,04/01/1995,DF
161,Danny Welbeck,Brighton & Hove Albion,26/11/1990,FW
162,Pierre-Emerick Aubameyang,Chelsea FC,18/06/1989,FW
163,Azpilicueta,Chelsea FC,28/08/1989,DF
164,Marcus Bettinelli,Chelsea FC,24/05/1992,GK
165,Armando Broja,Chelsea FC,10/09/2001,FW
166,Trevoh Chalobah,Chelsea FC,05/07/1999,DF
167,Ben Chilwell,Chelsea FC,21/12/1996,DF
168,Carney Chukwuemeka,Chelsea FC,20/10/2003,MF
169,Cucurella,Chelsea FC,22/07/1998,DF
170,David Fofana,Chelsea FC,22/12/2002,FW
171,Wesley Fofana,Chelsea FC,17/12/2000,DF
172,Conor Gallagher,Chelsea FC,06/02/2000,MF
173,Lewis Hall,Chelsea FC,08/09/2004,MF
174,Kai Havertz,Chelsea FC,11/06/1999,FW
175,Bashir Humphreys,Chelsea FC,15/03/2003,DF
176,Omari Hutchinson,Chelsea FC,29/10/2003,MF
177,Reece James,Chelsea FC,08/12/1999,DF
178,Jorginho,Chelsea FC,20/12/1991,MF
179,N'Golo Kanté,Chelsea FC,29/03/1991,MF
180,Kepa,Chelsea FC,03/10/1994,GK
181,Kalidou Koulibaly,Chelsea FC,20/06/1991,DF
182,Mateo Kovačić,Chelsea FC,06/05/1994,MF
183,Ruben Loftus-Cheek,Chelsea FC,23/01/1996,MF
184,Edouard Mendy,Chelsea FC,01/03/1992,GK
185,Mason Mount,Chelsea FC,10/01/1999,MF
186,Christian Pulišić,Chelsea FC,18/09/1998,FW
187,Gabriel Slonina,Chelsea FC,15/05/2004,GK
188,Raheem Sterling,Chelsea FC,08/12/1994,FW
189,Thiago Silva,Chelsea FC,22/09/1984,DF
190,Denis Zakaria,Chelsea FC,20/11/1996,MF
191,Hakim Ziyech,Chelsea FC,19/03/1993,FW
192,Adler Nascimento,Crystal Palace,25/11/2004,FW
193,Joachim Andersen,Crystal Palace,31/05/1996,DF
194,Jordan Ayew,Crystal Palace,11/09/1991,FW
195,Kofi Balmer,Crystal Palace,19/09/2000,DF
196,Jack Butland,Crystal Palace,10/03/1993,GK
197,Nathaniel Clyne,Crystal Palace,05/04/1991,DF
198,Cheick Doucouré,Crystal Palace,08/01/2000,MF
199,Malcolm Ebiowei,Crystal Palace,04/09/2003,MF
200,Odsonne Édouard,Crystal Palace,16/01/1998,FW
201,Eberechi Eze,Crystal Palace,29/06/1998,MF
202,Nathan Ferguson,Crystal Palace,06/10/2000,DF
203,Owen Goodman,Crystal Palace,27/11/2003,GK
204,John-Kymani Gordon,Crystal Palace,13/02/2003,FW
205,Guaita,Crystal Palace,10/01/1987,GK
206,Marc Guéhi,Crystal Palace,13/07/2000,DF
207,Will Hughes,Crystal Palace,17/04/1995,MF
208,Sam Johnstone,Crystal Palace,25/03/1993,GK
209,Jean-Philippe Mateta,Crystal Palace,28/06/1997,FW
210,James McArthur,Crystal Palace,07/10/1987,MF
211,Luka Milivojević,Crystal Palace,07/04/1991,MF
212,Tyrick Mitchell,Crystal Palace,01/09/1999,DF
213,Michael Olise,Crystal Palace,12/12/2001,MF
214,David Ozoh,Crystal Palace,01/06/2005,MF
215,Killian Phillips,Crystal Palace,30/03/2002,MF
216,Chris Richards,Crystal Palace,28/03/2000,DF
217,Jaïro Riedewald,Crystal Palace,09/09/1996,MF
218,Kaden Rodney,Crystal Palace,07/10/2004,MF
219,Jeffrey Schlupp,Crystal Palace,23/12/1992,MF
220,James Tomkins,Crystal Palace,29/03/1989,DF
221,Joel Ward,Crystal Palace,29/10/1989,DF
222,Jack Wells-Morrison,Crystal Palace,18/02/2004,MF
223,Joe Whitworth,Crystal Palace,29/02/2004,GK
224,Wilfried Zaha,Crystal Palace,10/11/1992,MF
225,Asmir Begović,Everton FC,20/06/1987,GK
226,Dominic Calvert-Lewin,Everton FC,16/03/1997,FW
227,Thomas Cannon,Everton FC,28/12/2002,FW
228,Conor Coady,Everton FC,25/02/1993,DF
229,Séamus Coleman,Everton FC,11/10/1988,DF
230,Tom Davies,Everton FC,30/06/1998,MF
231,Abdoulaye Doucouré,Everton FC,01/01/1993,MF
232,James Garner,Everton FC,13/03/2001,MF
233,Ben Godfrey,Everton FC,15/01/1998,DF
234,Anthony Gordon,Everton FC,24/02/2001,FW
235,Demarai Gray,Everton FC,28/06/1996,FW
236,Idrissa Gueye,Everton FC,26/09/1989,MF
237,Mason Holgate,Everton FC,22/10/1996,DF
238,Alex Iwobi,Everton FC,03/05/1996,MF
239,Kyle John,Everton FC,13/02/2001,DF
240,Michael Keane,Everton FC,11/01/1993,DF
241,Andy Lonergan,Everton FC,19/10/1983,GK
242,Neal Maupay,Everton FC,14/08/1996,FW
243,Dwight McNeil,Everton FC,22/11/1999,FW
244,Stanley Mills,Everton FC,25/10/2003,MF
245,Yerry Mina,Everton FC,23/09/1994,DF
246,Vitaliy Mykolenko,Everton FC,29/05/1999,DF
247,Amadou Onana,Everton FC,16/08/2001,MF
248,Nathan Patterson,Everton FC,16/10/2001,DF
249,Jordan Pickford,Everton FC,07/03/1994,GK
250,Isaac Price,Everton FC,26/09/2003,MF
251,Rúben Vinagre,Everton FC,09/04/1999,DF
252,Ishé Samuels-Smith,Everton FC,05/06/2006,DF
253,Ellis Simms,Everton FC,05/01/2001,FW
254,James Tarkowski,Everton FC,19/11/1992,DF
255,Andros Townsend,Everton FC,16/07/1991,FW
256,Reece Welch,Everton FC,19/09/2003,DF
257,Charlie Whitaker,Everton FC,16/09/2003,MF
258,Terry Ablade,Fulham FC,12/10/2001,FW
259,Tosin Adarabioyo,Fulham FC,24/09/1997,DF
260,Andreas Pereira,Fulham FC,01/01/1996,MF
261,Tom Cairney,Fulham FC,20/01/1991,MF
262,Carlos Vinícius,Fulham FC,25/03/1995,FW
263,Nathaniel Chalobah,Fulham FC,12/12/1994,MF
264,Luciano D'Auria-Henry,Fulham FC,11/11/2002,DF
265,Bobby Decordova-Reid,Fulham FC,02/02/1993,FW
266,Issa Diop,Fulham FC,09/01/1997,DF
267,Shane Duffy,Fulham FC,01/01/1992,DF
268,Martial Godo,Fulham FC,14/03/2003,MF
269,Luke Harris,Fulham FC,03/04/2005,MF
270,Dan James,Fulham FC,10/11/1997,FW
271,João Palhinha,Fulham FC,09/07/1995,MF
272,Neeskens Kebano,Fulham FC,10/03/1992,FW
273,Layvin Kurzawa,Fulham FC,04/09/1992,DF
274,Bernd Leno,Fulham FC,04/03/1992,GK
275,Kevin Mbabu,Fulham FC,19/04/1995,DF
276,Connor McAvoy,Fulham FC,16/02/2002,DF
277,Aleksandar Mitrović,Fulham FC,16/09/1994,FW
278,Ollie O'Neill,Fulham FC,08/01/2003,MF
279,Josh Onomah,Fulham FC,27/04/1997,MF
280,Adrion Pajaziti,Fulham FC,16/11/2002,MF
281,Stefan Parkes,Fulham FC,28/03/2004,DF
282,Tim Ream,Fulham FC,05/10/1987,DF
283,Harrison Reed,Fulham FC,27/01/1995,MF
284,Antonee Robinson,Fulham FC,08/08/1997,DF
285,Charlie Robinson,Fulham FC,19/09/2004,DF
286,Marek Rodák,Fulham FC,13/12/1996,GK
287,Kristian Šekularac,Fulham FC,07/12/2003,MF
288,Manor Solomon,Fulham FC,24/07/1999,FW
289,Kenny Tete,Fulham FC,09/10/1995,DF
290,Willian,Fulham FC,09/08/1988,FW
291,Harry Wilson,Fulham FC,22/03/1997,FW
292,Brenden Aaronson,Leeds United,22/10/2000,MF
293,Tyler Adams,Leeds United,14/02/1999,MF
294,Charlie Allen,Leeds United,22/11/2003,MF
295,Luke Ayling,Leeds United,25/08/1991,DF
296,Patrick Bamford,Leeds United,05/09/1993,FW
297,Liam Cooper,Leeds United,30/08/1991,DF
298,Stuart Dallas,Leeds United,19/04/1991,DF
299,James Debayo,Leeds United,11/07/2005,DF
300,Cody Drameh,Leeds United,08/12/2001,DF
301,Adam Forshaw,Leeds United,08/10/1991,MF
302,Joe Gelhardt,Leeds United,04/05/2002,FW
303,Wilfried Gnonto,Leeds United,05/11/2003,FW
304,Archie Gray,Leeds United,12/03/2006,MF
305,Sam Greenwood,Leeds United,26/01/2002,FW
306,Darko Gyabi,Leeds United,18/02/2004,MF
307,Jack Harrison,Leeds United,20/11/1996,MF
308,Leo Hjelde,Leeds United,26/08/2003,DF
309,Joel,Leeds United,17/06/1990,GK
310,Junior Firpo,Leeds United,22/08/1996,DF
311,Kristoffer Klaesson,Leeds United,27/11/2000,GK
312,Mateusz Klich,Leeds United,13/06/1990,MF
313,Robin Koch,Leeds United,17/07/1996,DF
314,Rasmus Kristensen,Leeds United,11/07/1997,DF
315,Llorente,Leeds United,16/08/1993,DF
316,Marc Roca,Leeds United,26/11/1996,MF
317,Mateo Fernández,Leeds United,19/10/2003,FW
318,Alfie McCalmont,Leeds United,25/03/2000,MF
319,Illan Meslier,Leeds United,02/03/2000,GK
320,Amari Miller,Leeds United,04/11/2002,FW
321,Kris Moore,Leeds United,13/11/2003,DF
322,Sonny Perkins,Leeds United,10/02/2004,MF
323,Rodrigo,Leeds United,06/03/1991,FW
324,Luis Sinisterra,Leeds United,17/06/1999,MF
325,Joe Snowdon,Leeds United,14/02/2004,MF
326,Pascal Struijk,Leeds United,11/08/1999,DF
327,Crysencio Summerville,Leeds United,30/10/2001,MF
328,Max Wöber,Leeds United,04/02/1998,DF
329,Marc Albrighton,Leicester City,18/11/1989,MF
330,Will Alves,Leicester City,04/05/2005,MF
331,Daniel Amartey,Leicester City,21/12/1994,DF
332,Ayoze Pérez,Leicester City,29/07/1993,FW
333,Harvey Barnes,Leicester City,09/12/1997,MF
334,Ryan Bertrand,Leicester City,05/08/1989,DF
335,Sammy Braybrooke,Leicester City,12/03/2004,MF
336,Lewis Brunt,Leicester City,06/11/2000,MF
337,Timothy Castagne,Leicester City,05/12/1995,DF
338,Patson Daka,Leicester City,09/10/1998,FW
339,Kiernan Dewsbury-Hall,Leicester City,06/09/1998,MF
340,Jonny Evans,Leicester City,03/01/1988,DF
341,Wout Faes,Leicester City,03/04/1998,DF
342,Kelechi Iheanacho,Leicester City,03/10/1996,FW
343,Daniel Iversen,Leicester City,19/07/1997,GK
344,James Justin,Leicester City,23/02/1998,DF
345,James Maddison,Leicester City,23/11/1996,MF
346,Kasey McAteer,Leicester City,22/11/2001,MF
347,Nampalys Mendy,Leicester City,23/06/1992,MF
348,Wilfred Ndidi,Leicester City,16/12/1996,MF
349,Dennis Praet,Leicester City,14/05/1994,MF
350,Ricardo Pereira,Leicester City,06/10/1993,DF
351,Alex Smithies,Leicester City,05/03/1990,GK
352,Boubakary Soumaré,Leicester City,27/02/1999,MF
353,Çağlar Söyüncü,Leicester City,23/05/1996,DF
354,Luke Thomas,Leicester City,10/06/2001,DF
355,Youri Tielemans,Leicester City,07/05/1997,MF
356,Jamie Vardy,Leicester City,11/01/1987,FW
357,Jannik Vestergaard,Leicester City,03/08/1992,DF
358,Danny Ward,Leicester City,22/06/1993,GK
359,Joe Wormleighton,Leicester City,30/12/2003,MF
360,Adrián,Liverpool FC,03/01/1987,GK
361,Trent Alexander-Arnold,Liverpool FC,07/10/1998,DF
362,Alisson,Liverpool FC,02/10/1992,GK
363,Arthur,Liverpool FC,12/08/1996,MF
364,Jake Cain,Liverpool FC,02/09/2001,MF
365,Luke Chambers,Liverpool FC,24/06/2004,DF
366,Bobby Clark,Liverpool FC,07/02/2005,MF
367,Harvey Davies,Liverpool FC,03/09/2003,GK
368,Luis Díaz,Liverpool FC,13/01/1997,FW
369,Diogo Jota,Liverpool FC,04/12/1996,FW
370,Ben Doak,Liverpool FC,11/11/2005,FW
371,Harvey Elliott,Liverpool FC,04/04/2003,MF
372,Fabinho,Liverpool FC,23/10/1993,MF
373,Fabio Carvalho,Liverpool FC,30/08/2002,FW
374,Melkamu Frauendorf,Liverpool FC,12/01/2004,FW
375,Cody Gakpo,Liverpool FC,07/05/1999,FW
376,Joe Gomez,Liverpool FC,23/05/1997,DF
377,Jordan Henderson,Liverpool FC,17/06/1990,MF
378,Curtis Jones,Liverpool FC,30/01/2001,MF
379,Naby Keïta,Liverpool FC,10/02/1995,MF
380,Caoimhín Kelleher,Liverpool FC,23/11/1998,GK
381,Ibrahima Konaté,Liverpool FC,25/05/1999,DF
382,Joel Matip,Liverpool FC,08/08/1991,DF
383,James Milner,Liverpool FC,04/01/1986,MF
384,Darwin Núñez,Liverpool FC,24/06/1999,FW
385,Alex Oxlade-Chamberlain,Liverpool FC,15/08/1993,MF
386,Nathaniel Phillips,Liverpool FC,21/03/1997,DF
387,Jarell Quansah,Liverpool FC,29/01/2003,DF
388,Calvin Ramsay,Liverpool FC,31/07/2003,DF
389,Roberto Firmino,Liverpool FC,02/10/1991,FW
390,Andy Robertson,Liverpool FC,11/03/1994,DF
391,Mo Salah,Liverpool FC,15/06/1992,FW
392,Stefan Bajčetić,Liverpool FC,22/10/2004,DF
393,Layton Stewart,Liverpool FC,03/09/2002,FW
394,Thiago,Liverpool FC,11/04/1991,MF
395,Kostas Tsimikas,Liverpool FC,12/05/1996,DF
396,Virgil van Dijk,Liverpool FC,08/07/1991,DF
397,Manuel Akanji,Manchester City,19/07/1995,DF
398,Nathan Aké,Manchester City,18/02/1995,DF
399,Julián Álvarez,Manchester City,31/01/2000,FW
400,Bernardo Silva,Manchester City,10/08/1994,MF
401,Scott Carson,Manchester City,03/09/1985,GK
402,Kevin De Bruyne,Manchester City,28/06/1991,MF
403,Ederson,Manchester City,17/08/1993,GK
404,Phil Foden,Manchester City,28/05/2000,MF
405,Jack Grealish,Manchester City,10/09/1995,MF
406,İlkay Gündoğan,Manchester City,24/10/1990,MF
407,Erling Haaland,Manchester City,21/07/2000,FW
408,João Cancelo,Manchester City,27/05/1994,DF
409,Ben Knight,Manchester City,14/06/2002,FW
410,Aymeric Laporte,Manchester City,27/05/1994,DF
411,Rico Lewis,Manchester City,21/11/2004,DF
412,Riyad Mahrez,Manchester City,21/02/1991,FW
413,Benjamin Mendy,Manchester City,17/07/1994,DF
414,Stefan Ortega,Manchester City,06/11/1992,GK
415,Cole Palmer,Manchester City,06/05/2002,MF
416,Kalvin Phillips,Manchester City,02/12/1995,MF
417,Alex Robertson,Manchester City,17/04/2003,MF
418,Rodri,Manchester City,22/06/1996,MF
419,Rúben Dias,Manchester City,14/05/1997,DF
420,Sergio Gómez,Manchester City,04/09/2000,DF
421,John Stones,Manchester City,28/05/1994,DF
422,Kyle Walker,Manchester City,28/05/1990,DF
423,Josh Wilson-Esbrand,Manchester City,26/12/2002,DF
424,Antony,Manchester United,24/02/2000,FW
425,Rhys Bennett,Manchester United,30/10/2003,DF
426,Nathan Bishop,Manchester United,15/10/1999,GK
427,Bruno Fernandes,Manchester United,08/09/1994,MF
428,Casemiro,Manchester United,23/02/1992,MF
429,De Gea,Manchester United,07/11/1990,GK
430,Diogo Dalot,Manchester United,18/03/1999,DF
431,Anthony Elanga,Manchester United,27/04/2002,FW
432,Christian Eriksen,Manchester United,14/02/1992,MF
433,Fred,Manchester United,05/03/1993,MF
434,Tyler Fredricson,Manchester United,23/02/2005,DF
435,Alejandro Garnacho,Manchester United,01/07/2004,FW
436,Mason Greenwood,Manchester United,01/10/2001,FW
437,Tom Heaton,Manchester United,15/04/1986,GK
438,Zidane Iqbal,Manchester United,27/04/2003,MF
439,Phil Jones,Manchester United,21/02/1992,DF
440,Victor Lindelöf,Manchester United,17/07/1994,DF
441,Harry Maguire,Manchester United,05/03/1993,DF
442,Kobbie Mainoo,Manchester United,19/04/2005,MF
443,Tyrell Malacia,Manchester United,17/08/1999,DF
444,Anthony Martial,Manchester United,05/12/1995,FW
445,Lisandro Martínez,Manchester United,18/01/1998,DF
446,Charlie McNeill,Manchester United,09/09/2003,FW
447,Scott McTominay,Manchester United,08/12/1996,MF
448,Teden Mengi,Manchester United,30/04/2002,DF
449,Facundo Pellistri,Manchester United,20/12/2001,MF
450,Marcus Rashford,Manchester United,31/10/1997,FW
451,Jadon Sancho,Manchester United,25/03/2000,FW
452,Luke Shaw,Manchester United,12/07/1995,DF
453,Shola Shoretire,Manchester United,02/02/2004,FW
454,Axel Tuanzebe,Manchester United,14/11/1997,DF
455,Donny van de Beek,Manchester United,18/04/1997,MF
456,Raphaël Varane,Manchester United,25/04/1993,DF
457,Radek Vítek,Manchester United,24/10/2003,GK
458,Aaron Wan-Bissaka,Manchester United,26/11/1997,DF
459,Brandon Williams,Manchester United,03/09/2000,DF
460,Miguel Almirón,Newcastle United,10/02/1994,MF
461,Elliot Anderson,Newcastle United,06/11/2002,MF
462,Sven Botman,Newcastle United,12/01/2000,DF
463,Bruno Guimarães,Newcastle United,16/11/1997,MF
464,Dan Burn,Newcastle United,09/05/1992,DF
465,Karl Darlow,Newcastle United,08/10/1990,GK
466,Martin Dúbravka,Newcastle United,15/01/1989,GK
467,Paul Dummett,Newcastle United,26/09/1991,DF
468,Ryan Fraser,Newcastle United,24/02/1994,FW
469,Mark Gillespie,Newcastle United,27/03/1992,GK
470,Alexander Isak,Newcastle United,21/09/1999,FW
471,Joelinton,Newcastle United,14/08/1996,MF
472,Emil Krafth,Newcastle United,02/08/1994,DF
473,Garang Kuol,Newcastle United,15/09/2004,FW
474,Jamaal Lascelles,Newcastle United,11/11/1993,DF
475,Jamal Lewis,Newcastle United,25/01/1998,DF
476,Matthew Longstaff,Newcastle United,21/03/2000,MF
477,Sean Longstaff,Newcastle United,30/10/1997,MF
478,Manquillo,Newcastle United,05/05/1994,DF
479,Jacob Murphy,Newcastle United,24/02/1995,MF
480,Nick Pope,Newcastle United,19/04/1992,GK
481,Matt Ritchie,Newcastle United,10/09/1989,DF
482,Allan Saint-Maximin,Newcastle United,12/03/1997,FW
483,Fabian Schär,Newcastle United,20/12/1991,DF
484,Jonjo Shelvey,Newcastle United,27/02/1992,MF
485,Matt Targett,Newcastle United,18/09/1995,DF
486,Kieran Trippier,Newcastle United,19/09/1990,DF
487,Kell Watts,Newcastle United,03/11/1999,DF
488,Joe Willock,Newcastle United,20/08/1999,MF
489,Callum Wilson,Newcastle United,27/02/1992,FW
490,Chris Wood,Newcastle United,07/12/1991,FW
491,Zach Abbott,Nottingham Forest,13/05/2006,DF
492,Brandon Aguilera,Nottingham Forest,28/06/2003,MF
493,Harry Arter,Nottingham Forest,28/12/1989,MF
494,Sèrge Aurier,Nottingham Forest,24/12/1992,DF
495,Taiwo Awoniyi,Nottingham Forest,12/08/1997,FW
496,Giulian Biancone,Nottingham Forest,31/03/2000,DF
497,Willy Boly,Nottingham Forest,03/02/1991,DF
498,Cafú,Nottingham Forest,26/02/1993,MF
499,Jack Colback,Nottingham Forest,24/10/1989,MF
500,Steve Cook,Nottingham Forest,19/04/1991,DF
501,Emmanuel Dennis,Nottingham Forest,15/11/1997,FW
502,Aaron Donnelly,Nottingham Forest,08/06/2003,DF
503,Billy Fewster,Nottingham Forest,31/07/2003,MF
504,Remo Freuler,Nottingham Forest,15/04/1992,MF
505,Morgan Gibbs-White,Nottingham Forest,27/01/2000,MF
506,Alex Gibson-Hammond,Nottingham Forest,10/11/2002,MF
507,Gustavo Scarpa,Nottingham Forest,05/01/1994,MF
508,Oliver Hammond,Nottingham Forest,13/11/2002,MF
509,Dean Henderson,Nottingham Forest,12/03/1997,GK
510,Wayne Hennessey,Nottingham Forest,24/01/1987,GK
511,Brennan Johnson,Nottingham Forest,23/05/2001,FW
512,Adnan Kanurić,Nottingham Forest,08/08/2000,GK
513,Cheikhou Kouyaté,Nottingham Forest,21/12/1989,MF
514,Jesse Lingard,Nottingham Forest,15/12/1992,MF
515,Orel Mangala,Nottingham Forest,18/03/1998,MF
516,Loïc Mbe Soh,Nottingham Forest,13/06/2001,DF
517,Scott McKenna,Nottingham Forest,12/11/1996,DF
518,Moussa Niakhaté,Nottingham Forest,08/03/1996,DF
519,Lewis O'Brien,Nottingham Forest,14/10/1998,MF
520,Renan Lodi,Nottingham Forest,08/04/1998,DF
521,Omar Richards,Nottingham Forest,15/02/1998,DF
522,Jordan Smith,Nottingham Forest,08/12/1994,GK
523,Sam Surridge,Nottingham Forest,28/07/1998,FW
524,Dale Taylor,Nottingham Forest,12/12/2003,FW
525,Lyle Taylor,Nottingham Forest,29/03/1990,FW
526,Harry Toffolo,Nottingham Forest,19/08/1995,DF
527,Neco Williams,Nottingham Forest,13/04/2001,DF
528,Joe Worrall,Nottingham Forest,10/01/1997,DF
529,Ryan Yates,Nottingham Forest,21/11/1997,MF
530,Ché Adams,Southampton FC,13/07/1996,FW
531,Joe Aribo,Southampton FC,21/07/1996,MF
532,Adam Armstrong,Southampton FC,10/02/1997,FW
533,Stuart Armstrong,Southampton FC,30/03/1992,MF
534,Dominic Ballard,Southampton FC,01/04/2005,FW
535,Gavin Bazunu,Southampton FC,20/02/2002,GK
536,Armel Bella-Kotchap,Southampton FC,11/12/2001,DF
537,Willy Caballero,Southampton FC,28/09/1981,GK
538,Duje Ćaleta-Car,Southampton FC,17/09/1996,DF
539,Ibrahima Diallo,Southampton FC,08/03/1999,MF
540,Moussa Djénépo,Southampton FC,15/06/1998,MF
541,Samuel Edozie,Southampton FC,28/01/2003,MF
542,Diamond Edwards,Southampton FC,18/09/2003,MF
543,Mohamed Elyounoussi,Southampton FC,04/08/1994,FW
544,Ryan Finnigan,Southampton FC,23/09/2003,MF
545,Juan Larios,Southampton FC,12/01/2004,DF
546,Roméo Lavia,Southampton FC,06/01/2004,MF
547,Nico Lawrence,Southampton FC,22/11/2003,DF
548,Tino Livramento,Southampton FC,12/11/2002,DF
549,Lyanco,Southampton FC,01/02/1997,DF
550,Ainsley Maitland-Niles,Southampton FC,29/08/1997,MF
551,Sékou Mara,Southampton FC,30/07/2002,FW
552,Alex McCarthy,Southampton FC,03/12/1989,GK
553,Jimmy Morgan,Southampton FC,21/01/2006,FW
554,Dan N'Lundulu,Southampton FC,05/02/1999,FW
555,Lewis Payne,Southampton FC,30/05/2004,DF
556,Romain Perraud,Southampton FC,22/09/1997,DF
557,Mohammed Salisu,Southampton FC,17/04/1999,DF
558,Theo Walcott,Southampton FC,16/03/1989,FW
559,Kyle Walker-Peters,Southampton FC,13/04/1997,DF
560,James Ward-Prowse,Southampton FC,01/11/1994,MF
561,Brandon Austin,Tottenham Hotspur,08/01/1999,GK
562,Rodrigo Bentancur,Tottenham Hotspur,25/06/1997,MF
563,Yves Bissouma,Tottenham Hotspur,30/08/1996,MF
564,Bryan Gil,Tottenham Hotspur,11/02/2001,MF
565,Ben Davies,Tottenham Hotspur,24/04/1993,DF
566,Eric Dier,Tottenham Hotspur,15/01/1994,DF
567,Matt Doherty,Tottenham Hotspur,16/01/1992,DF
568,Emerson Royal,Tottenham Hotspur,14/01/1999,DF
569,Fraser Forster,Tottenham Hotspur,17/03/1988,GK
570,Pierre-Emile Højbjerg,Tottenham Hotspur,05/08/1995,MF
571,Harry Kane,Tottenham Hotspur,28/07/1993,FW
572,Dejan Kulusevski,Tottenham Hotspur,25/04/2000,FW
573,Clément Lenglet,Tottenham Hotspur,17/06/1995,DF
574,Hugo Lloris,Tottenham Hotspur,26/12/1986,GK
575,Lucas Moura,Tottenham Hotspur,13/08/1992,FW
576,Ivan Perišić,Tottenham Hotspur,02/02/1989,MF
577,Richarlison,Tottenham Hotspur,10/05/1997,FW
578,Cristian Romero,Tottenham Hotspur,27/04/1998,DF
579,Davinson Sánchez,Tottenham Hotspur,12/06/1996,DF
580,Pape Sarr,Tottenham Hotspur,14/09/2002,MF
581,Ryan Sessegnon,Tottenham Hotspur,18/05/2000,MF
582,Oliver Skipp,Tottenham Hotspur,16/09/2000,MF
583,Heung-min Son,Tottenham Hotspur,08/07/1992,FW
584,Djed Spence,Tottenham Hotspur,09/08/2000,DF
585,Japhet Tanganga,Tottenham Hotspur,31/03/1999,DF
586,Harvey White,Tottenham Hotspur,19/09/2001,MF
587,Alfie Whiteman,Tottenham Hotspur,02/10/1998,GK
588,Nayef Aguerd,West Ham United,30/03/1996,DF
589,Michail Antonio,West Ham United,28/03/1990,FW
590,Keenan Appiah-Forson,West Ham United,16/10/2001,MF
591,Alphonse Aréola,West Ham United,27/02/1993,GK
592,Harrison Ashby,West Ham United,14/11/2001,DF
593,Jamal Baptiste,West Ham United,11/11/2003,DF
594,Saïd Benrahma,West Ham United,10/08/1995,FW
595,Jarrod Bowen,West Ham United,20/12/1996,FW
596,Kaelan Casey,West Ham United,28/10/2004,MF
597,Regan Clayton,West Ham United,11/11/2004,DF
598,Maxwel Cornet,West Ham United,27/09/1996,MF
599,Vladimír Coufal,West Ham United,22/08/1992,DF
600,Conor Coventry,West Ham United,25/03/2000,MF
601,Aaron Cresswell,West Ham United,15/12/1989,DF
602,Craig Dawson,West Ham United,06/05/1990,DF
603,Flynn Downes,West Ham United,20/01/1999,MF
604,Pierre Ekwah Elimby,West Ham United,15/01/2002,DF
605,Emerson,West Ham United,03/08/1994,DF
606,Łukasz Fabiański,West Ham United,18/04/1985,GK
607,Michael Forbes,West Ham United,29/04/2004,DF
608,Krisztián Hegyi,West Ham United,24/09/2002,GK
609,Ben Johnson,West Ham United,24/01/2000,DF
610,Thilo Kehrer,West Ham United,21/09/1996,DF
611,Manuel Lanzini,West Ham United,15/02/1993,MF
612,Lucas Paquetá,West Ham United,27/08/1997,MF
613,Luizão,West Ham United,08/03/2002,DF
614,Divin Mubama,West Ham United,25/10/2004,FW
615,Angelo Ogbonna,West Ham United,23/05/1988,DF
616,Lewis Orford,West Ham United,18/02/2006,MF
617,Pablo Fornals,West Ham United,22/02/1996,MF
618,Freddie Potts,West Ham United,12/09/2003,MF
619,Darren Randolph,West Ham United,12/05/1987,GK
620,Declan Rice,West Ham United,14/01/1999,MF
621,Gianluca Scamacca,West Ham United,01/01/1999,FW
622,Oliver Scarles,West Ham United,12/12/2005,MF
623,Kamarai Simon-Swyer,West Ham United,04/12/2002,MF
624,Tomáš Souček,West Ham United,27/02/1995,MF
625,Kurt Zouma,West Ham United,27/10/1994,DF
626,Adama Traoré,Wolverhampton Wanderers,25/01/1996,FW
627,Rayan Aït Nouri,Wolverhampton Wanderers,06/06/2001,DF
628,Chem Campbell,Wolverhampton Wanderers,30/12/2002,MF
629,Chiquinho,Wolverhampton Wanderers,05/02/2000,FW
630,Nathan Collins,Wolverhampton Wanderers,30/04/2001,DF
631,Daniel Podence,Wolverhampton Wanderers,21/10/1995,FW
632,Diego Costa,Wolverhampton Wanderers,07/10/1988,FW
633,Nathan Fraser,Wolverhampton Wanderers,22/02/2005,FW
634,Gonçalo Guedes,Wolverhampton Wanderers,29/11/1996,FW
635,Harvey Griffiths,Wolverhampton Wanderers,22/09/2003,MF
636,Joe Hodge,Wolverhampton Wanderers,14/09/2002,MF
637,Hugo Bueno,Wolverhampton Wanderers,18/09/2002,DF
638,Hee-chan Hwang,Wolverhampton Wanderers,26/01/1996,FW
639,Raúl Jiménez,Wolverhampton Wanderers,05/05/1991,FW
640,João Moutinho,Wolverhampton Wanderers,08/09/1986,MF
641,Jonny,Wolverhampton Wanderers,03/03/1994,DF
642,José Sá,Wolverhampton Wanderers,17/01/1993,GK
643,Saša Kalajdžić,Wolverhampton Wanderers,07/07/1997,FW
644,Maximilian Kilman,Wolverhampton Wanderers,23/05/1997,DF
645,Dexter Lembikisa,Wolverhampton Wanderers,04/11/2003,DF
646,Matheus Cunha,Wolverhampton Wanderers,27/05/1999,FW
647,Matheus Nunes,Wolverhampton Wanderers,27/08/1998,MF
648,Yerson Mosquera,Wolverhampton Wanderers,02/05/2001,DF
649,Louie Moulden,Wolverhampton Wanderers,06/01/2002,GK
650,Nélson Semedo,Wolverhampton Wanderers,16/11/1993,DF
651,Pedro Neto,Wolverhampton Wanderers,09/03/2000,FW
652,Connor Ronan,Wolverhampton Wanderers,06/03/1998,MF
653,Rúben Neves,Wolverhampton Wanderers,13/03/1997,MF
654,Matija Šarkić,Wolverhampton Wanderers,23/07/1997,GK
655,Jackson Smith,Wolverhampton Wanderers,14/10/2001,GK
656,Toti,Wolverhampton Wanderers,16/01/1999,DF
657,Boubacar Traoré,Wolverhampton Wanderers,20/08/2001,MF
